{
  "body": {
    "x": 0.5592384189367294,
    "y": 0.9356144368648529,
    "lean": 1,
    "posture": "leaning_forward",
    "movement": "slight",
    "timestamp": 1771700091.61694
  }
}